{"cameraMode":{"drawMode":0,"name":"Shaded","section":"Shading Mode"},"sceneLighting":false,"audioPlay":false,"sceneViewState":{"showFog":true,"showMaterialUpdate":false,"showSkybox":false,"showFlares":true,"showImageEffects":true,"showParticleSystems":true},"in2DMode":false,"pivot":{"x":-6.769099235534668,"y":4.670001029968262,"z":-30.850000381469728},"rotation":{"x":0.21937035024166108,"y":0.36613866686820986,"z":-0.08928430080413819,"w":0.8999862670898438},"size":21.813501358032228,"orthographic":false}