{"cameraMode":{"drawMode":0,"name":"Shaded","section":"Shading Mode"},"sceneLighting":true,"audioPlay":false,"sceneViewState":{"showFog":true,"showMaterialUpdate":false,"showSkybox":false,"showFlares":true,"showImageEffects":true,"showParticleSystems":true},"in2DMode":false,"pivot":{"x":98.67134857177735,"y":34.38285827636719,"z":-53.75255584716797},"rotation":{"x":0.10779646784067154,"y":-0.6561652421951294,"z":0.09547878056764603,"w":0.7407828569412231},"size":45.84591293334961,"orthographic":true}