{"cameraMode":{"drawMode":0,"name":"Shaded","section":"Shading Mode"},"sceneLighting":true,"audioPlay":false,"sceneViewState":{"showFog":true,"showMaterialUpdate":false,"showSkybox":true,"showFlares":true,"showImageEffects":true,"showParticleSystems":true},"in2DMode":false,"pivot":{"x":94.50939178466797,"y":213.76100158691407,"z":-136.9091033935547},"rotation":{"x":0.019235702231526376,"y":-0.25785934925079348,"z":0.004738512448966503,"w":0.96626216173172},"size":22.0,"orthographic":true}