{"cameraMode":{"drawMode":0,"name":"Shaded","section":"Shading Mode"},"sceneLighting":true,"audioPlay":false,"sceneViewState":{"showFog":true,"showMaterialUpdate":false,"showSkybox":true,"showFlares":true,"showImageEffects":true,"showParticleSystems":true},"in2DMode":false,"pivot":{"x":0.17774643003940583,"y":1.9249720573425294,"z":-1.3198353052139283},"rotation":{"x":-0.12888821959495545,"y":0.8216325640678406,"z":-0.20526078343391419,"w":-0.5159233212471008},"size":10.0,"orthographic":false}