{"cameraMode":{"drawMode":0,"name":"Shaded","section":"Shading Mode"},"sceneLighting":true,"audioPlay":false,"sceneViewState":{"showFog":true,"showMaterialUpdate":false,"showSkybox":true,"showFlares":true,"showImageEffects":true,"showParticleSystems":true},"in2DMode":false,"pivot":{"x":-0.36598706245422366,"y":2.68959903717041,"z":-0.8256332874298096},"rotation":{"x":-0.024718783795833589,"y":0.9371925592422485,"z":-0.06788649410009384,"w":-0.3412516415119171},"size":5.617507457733154,"orthographic":false}